"区域","区域名称","图片编号","共享格位","原表图片序号","原文件名","成品文件","处理风格","处理方案","保留线索"
"1","西湖文化广场","#1","P01","3","IMG_20260917_144000.jpg","区域1/01-原图03.png","冷灰建筑漫画","建筑用浅灰三阶色块和细轮廓线，树木简化为低饱和块面；馆名仍清晰可读。","博物馆文字、立柱、入口关系"
"1","西湖文化广场","#2","P02","4","IMG_20260917_144108.jpg","区域1/02-原图04.png","双店门面双色分区","瑞幸一侧保留偏冷色、茉莉奶白一侧保留暖色，其余背景降低饱和；两家店名与斜坡扶手不改。","两家相邻门面、台阶和扶手"
"1","西湖文化广场","#3","P03","10","IMG_20260917_150543.jpg","区域1/03-原图10.png","入口复古游戏网点","天空和阴影加稀疏网点，蓝色招牌保持实色与可读字，顶棚和地下入口仍完整。","入口顶棚、世纪联华文字、下行空间"
"1","西湖文化广场","#4","P04","16","IMG_20260917_151710.jpg","区域1/04-原图16.png","码头冷暖分离","河面冷灰，对岸固定码头暖灰；保留武林门码头文字、岸阶与背景大楼，游船降低对比。","码头文字、台阶、河岸及背景大楼"
"1","西湖文化广场","#5","P05","18","IMG_20260917_152222.jpg","区域1/05-原图18.png","科技馆双色印刷","石墙压为浅灰，馆名字体保持深灰，树叶冷绿；保留中文英文全部内容。","馆名字样、石砖墙及大楼关系"
"1","西湖文化广场","#6","P06","21","IMG_20260917_152919.jpg","区域1/06-原图21.png","柜台街机海报色调","提高门面红白标识对比，木色略暖、背景饱和度稍低，不加标题或装饰框。","店名、木色柜台转角与相邻门面"
"1","西湖文化广场","#7","P07","9","IMG_20260917_145934.jpg","区域1/07-原图09.png","玻璃电梯青色结构强调","玻璃竖框以淡青边光强调，商铺与层间栏杆降饱和，仍保留完整多层空间。","玻璃电梯竖向结构、对侧门面与栏杆"
"1","西湖文化广场","#8","P08","12","IMG_20260917_150825.jpg","区域1/08-原图12.png","塔楼建筑蓝图","深蓝底配浅青建筑线，塔冠及折线外轮廓清晰，天空无纹理，底部入口不删除。","塔顶轮廓、建筑折线、底部入口"
"1","西湖文化广场","#9","P09","13","IMG_20260917_151053.jpg","区域1/09-原图13.png","球幕影院游戏漫画","球体分格和侧楼改为硬边三阶阴影与适量网点，仍保留底部玻璃支撑、球体完整轮廓和原文字。","球体分格、底部支撑及影院文字"
"1","西湖文化广场","#10","P10","14","IMG_20260917_151237.jpg","区域1/10-原图14.png","地下阶梯银灰照片","全图低饱和银灰，石墙接缝和扶手略提对比，底部门面保留原色弱提示。","下行台阶、左右墙体、底部门面"
"1","西湖文化广场","#11","P11","15","IMG_20260917_151402.jpg","区域1/11-原图15.png","海洋通道低多边形","壁画配色归并为较大蓝色多边形，梁、珊瑚轮廓和红色入口文字保持原位置，台阶清楚。","蓝色拱形梁、海洋壁画、下行阶梯"
"1","西湖文化广场","#12","P12","19","IMG_20260917_152621.jpg","区域1/12-原图19.png","几何地面扁平色块","三角地面用原色平涂，黄球和楼梯用清晰轮廓，青绿桌椅降低纹理不移位。","黄色球头柱、三角拼色地面、玻璃和桌椅"
"1","西湖文化广场","#13","P13","22","IMG_20260917_153305.jpg","区域1/13-原图22.png","玻璃天窗钢笔透视","梁和左右楼体边缘转细黑线，玻璃保留淡蓝天空底，下方弧线不裁掉。","天窗横梁、左侧外墙、底部弧线"
"1","西湖文化广场","#14","P14","23","IMG_20260917_153450.jpg","区域1/14-原图23.png","广场三色丝网","天空淡青、植被深绿、道路浅灰，灯杆与远景楼群用细线；压低花卉细节。","左右灯具、中央轴线和楼群"
"1","西湖文化广场","#15","P15","24","IMG_20260917_153544.jpg","区域1/15-原图24.png","金属柱冷光边缘","扭转金属柱增强银青轮廓，入口顶棚照片细节保留，树木降低饱和。","扭转立柱、入口顶棚、两者相邻关系"
"1","西湖文化广场","#16","P16","1","44BED50454606443DD7360525C1CA5BB.jpg","区域1/16-原图01.png","黑板反相＋木色保留","只将黑板区域变成白底黑线，木墙、架子和相邻关系保持照片质感；底部手指用小块中性色遮挡。","黑板与陈列架的相邻关系、咖啡主题、木墙"
"1","西湖文化广场","#17","P17","5","IMG_20260917_144223.jpg","区域1/17-原图05.png","小猪玩具漫画","黄色小猪与粉花用硬边赛璐璐阴影，背景仅降低细节，鞋类品牌墙仍能辨认。","小猪与花的形状、后方品牌墙"
"1","西湖文化广场","#18","P18","7","IMG_20260917_145305.jpg","区域1/18-原图07.png","鹿头金属浮雕质感","仅鹿头增强金属明暗与边缘，红叶减为两档色，发光新白鹿店名保持可读。","鹿头、红叶墙、店名同时保留"
"1","西湖文化广场","#19","P19","11","IMG_20260917_150700.jpg","区域1/19-原图11.png","奔马简笔线稿","壁画减为黑白轮廓和少量实黑，保留每匹可见马的姿态、相互遮挡、右扶手及竖条。","奔马壁画、黑扶手、墙面竖条"
"2","武林广场","#1","P01","28","IMG_20260917_154955.jpg","区域2/01-原图28.png","展览馆硬边建筑插画","对称立面归为米灰色块，旗杆完整、馆名清楚，天空平整但不换天气。","展览馆文字、对称立面、中央旗杆"
"2","武林广场","#2","P02","32","IMG_20260917_160147.jpg","区域2/02-原图32.png","便利店三色海报","橙绿红门楣保色，其他区域降为自然灰阶，7-Eleven数字及相邻立面仍清晰。","三色门楣、7-Eleven、相邻立面"
"2","武林广场","#3","P03","39","IMG_20260917_162622.jpg","区域2/03-原图39.png","电梯低饱和胶片感","木饰面略降饱和、阴影轻提亮，增加细微颗粒，B2／12号电梯保留清晰。","B2、12号电梯、木饰面与门框"
"2","武林广场","#4","P04","26","345A993339672F365B4157DA4AA9F81D.jpg","区域2/04-原图26.png","树后建筑清透调色","提高楼体与招牌局部对比，树木略降饱和，保留前景遮挡与广场视线。","电信文字、楼体轮廓、前景广场"
"2","武林广场","#5","P05","44","IMG_20260917_164105.jpg","区域2/05-原图44.png","酒店拱门金灰插画","高拱转浅金硬边块面，灰立面保留细竖线，中文英文酒店名清晰。","酒店名、高拱、立面结构"
"2","武林广场","#6","P06","40","IMG_20260917_162832.jpg","区域2/06-原图40.png","家具门面硬光调色","适度提高木色与沙发边缘对比，其他门店降饱和，源氏木语招牌完整。","店招和转角、沙发展示范围"
"2","武林广场","#7","P07","43","IMG_20260917_163619.jpg","区域2/07-原图43.png","鳄鱼边光＋绿红保色","保留白色鳄鱼原轮廓，暗绿墙与红扶手略加强，其余维持照片，控制辉光。","鳄鱼轮廓、绿墙、红扶手"
"2","武林广场","#8","P08","42","IMG_20260917_163342.jpg","区域2/08-原图42.png","天桥视野冷暖双调","天空淡灰、楼体冷蓝、前景栏杆暖灰，保留科协文字与邻楼轮廓。","科协大楼文字、旁边双楼、天桥前景"
"2","武林广场","#9","P09","41","IMG_20260917_163042.jpg","区域2/09-原图41.png","红色雕塑漫画保色","固定镂空红雕塑用红色硬边阴影，前景棕色形象与周围降灰，保留所有孔洞轮廓。","红色镂空主体、所在中庭与附近栏杆"
"2","武林广场","#10","P10","45","IMG_20260917_164413.jpg","区域2/10-原图45.png","通道网架深色线描","顶棚交叉网架和大拱转黑白线描，道路与周围低饱和照片底，保留地面箭头。","大拱、网架、道路箭头与通道关系"
"2","武林广场","#11","P11","29","IMG_20260917_155406.jpg","区域2/11-原图29.png","ZPARK霓虹夜视感","压低背景亮度，保留门框和透明玻璃细节，强化现有冷白箭头与店名字样。","ZPARK字样、左右箭头、入口结构"
"2","武林广场","#12","P12","36","IMG_20260917_162028.jpg","区域2/12-原图36.png","黄色R像素阴影","大R与下方门面保留轮廓，给黄色R阴影分为块状像素阶梯，背景轻降细节。","黄色R、黄色黑色主题门面"
"2","武林广场","#13","P13","34","IMG_20260917_160727.jpg","区域2/13-原图34.png","FILLMED蓝灰金属调色","墙面偏蓝灰，字牌保持清晰白边与黑字，增强原立体阴影，不遮字。","完整FILLMED文字与字体布局"
"2","武林广场","#14","P14","37","IMG_20260917_162312.jpg","区域2/14-原图37.png","草莓熊双色漫画","熊与摊位归并粉紫／深红色块，加少量轮廓，屋顶标语、MINISO附近标识和货架保留。","草莓熊、粉色摊位、MINISO附近标识"
"2","武林广场","#15","P15","31","IMG_20260917_155945.jpg","区域2/15-原图31.png","卡片店广告文案局部弱化","保留POKECOLOR和SINCE 2021，长英文宣传语局部像素化；石墙接缝与下方卡片柜完整。","POKECOLOR店名、长段字排、卡片柜"
"2","武林广场","#16","P16","30","IMG_20260917_155633.jpg","区域2/16-原图30.png","涂鸦墙浅浮雕","原黑白涂鸦加轻微边缘明暗，灰门和木地板保留照片质感，不重写任何涂鸦。","三面涂鸦、灰门、地面及拐角"
"2","武林广场","#17","P17","27","52EF8BB3D7FC0EB5A017C9CEF87A06E1.jpg","区域2/17-原图27.png","双球金属游戏渲染","镜面球用硬边灰阶反射，LED球保留低饱和彩色；栏杆和中庭保持实际层级。","两球、玻璃栏杆、中庭上下层关系"
"2","武林广场","#18","P18","35","IMG_20260917_160959.jpg","区域2/18-原图35.png","球场橙色保留","只保留原橙色边界与橙色块，其余全部灰阶，蓝色横梁变灰但完整保留。","黑橙场地、蓝横梁、俯拍方向"
"2","武林广场","#19","P19","38","IMG_20260917_162506.jpg","区域2/19-原图38.png","镜面中庭冷白高对比","吊灯转冷白、整体稍提暗部，中庭矩形框架和多层镜面反射完整，纹理噪声降低。","中庭框架、镜面层叠、吊灯整体排列"
"3","龙翔桥","#1","P01","47","2649BE6D13BAEBB0804409DF79660FE1.jpg","区域3/01-原图47.png","鸡饭门面暖色网点","木色天花与柜台稍暖，阴影加细稀网点；星平鸡饭及SIMPg保持清晰。","店名、柜台、弧形木饰天花"
"3","龙翔桥","#2","P02","48","4362A7841EBCA923C29572011D8BA1E8.jpg","区域3/02-原图48.png","点心门面暖冷分离","吊灯橙色保留，木饰面低饱和暖灰，左侧点心立柱和门头文字保持原照片细节。","店名、点心立柱、吊灯与通道"
"3","龙翔桥","#3","P03","50","95C2D53AC1A597C4A29F5705B7B9C8DB.jpg","区域3/03-原图50.png","蕉内高亮极简调色","白色门面提亮且保留暗部层次，木纹保持中性，中文英文招牌原样清楚。","蕉内招牌、木纹门头、入口陈列"
"3","龙翔桥","#4","P04","54","IMG_20260917_181427.jpg","区域3/04-原图54.png","音游机台赛璐璐","机台用清晰硬边阴影，城堡背景保留原色和轮廓；屏幕内容轻简化，不换成其他游戏。","两台机台及后方城堡装饰组合"
"3","龙翔桥","#5","P05","58","IMG_20260917_183224.jpg","区域3/05-原图58.png","展览招牌冷青荧光","原发光字略偏冷青，墙面黑灰，保留真实楼梯入口与招牌全部字。","展名、墙面和下行入口结构"
"3","龙翔桥","#6","P06","63","IMG_20260917_184223.jpg","区域3/06-原图63.png","自拍真实上缘裁取＋镜像校正","只裁出原图上方门头与绿色多边形天花的可见部分，水平翻转恢复文字；轻提对比，不扩图。","真实萨莉亚招牌、绿色多边形天花、柜台边界"
"3","龙翔桥","#7","P07","60","IMG_20260917_183538.jpg","区域3/07-原图60.png","九朵云剪纸色块","云朵压为原有深浅蓝色平面轮廓，拱龛与店名保留，照片墙降低细节。","店名、拱形壁龛、九朵云排列"
"3","龙翔桥","#8","P08","53","F50DF9D4594520DCB9A99DF66622803C.jpg","区域3/08-原图53.png","店名字牌＋标语条遮挡","HOT CRUSH和圆形上行箭头保持清晰，次要中英文宣传口号用窄灰色条遮部分字。","HOT CRUSH文字、箭头、墙角与反光地面"
"3","龙翔桥","#9","P09","59","IMG_20260917_183347.jpg","区域3/09-原图59.png","绿色装置玩具色块","绿色主体归为三阶绿色硬阴影，粉红腮红保色，B2石柱和天花用低对比照片底。","绿色主体、B2柱、天花相邻关系"
"3","龙翔桥","#10","P10","62","IMG_20260917_184124.jpg","区域3/10-原图62.png","灰墙双色分面","转角两墙分别浅冷灰与深暖灰，店名与口号保留清楚，桌椅低细节但不移。","完整店名、转角、口号相邻关系"
"3","龙翔桥","#11","P11","49","918F374D8AAD3A8FD22801C0FFDC84B0.jpg","区域3/11-原图49.png","品牌文字局部像素遮挡","只遮黑图腾下方中文与英文品牌字；黄色灯墙、图腾复杂卷纹、竹纹、墙分格均保留。","黑色图腾全貌、黄色灯墙、竹纹和分格"
"3","龙翔桥","#12","P12","55","IMG_20260917_182029.jpg","区域3/12-原图55.png","ANIPLEX字母间隔遮挡","上方重复名称遮挡，中央七框只保留A与X，其余字母局部暗块遮；发光矩形和七框外轮廓不遮。","多层霓虹框、字母方框轮廓、竖纹墙"
"3","龙翔桥","#13","P13","61","IMG_20260917_183749.jpg","区域3/13-原图61.png","转转黄标保色","黄色圆标与原门头保色，产品墙和人物转灰，提升产品墙边界对比。","店名、标志与产品墙"
"3","龙翔桥","#14","P14","65","IMG_20260917_185043.jpg","区域3/14-原图65.png","腕表门框红色保留","红门框保色，腕表钟与店名仍清晰，内部陈列和地面灰阶，轻提升钟轮廓。","店名、红框、腕表形钟"
"3","龙翔桥","#15","P15","56","IMG_20260917_182446.jpg","区域3/15-原图56.png","animate展板平面化","左侧真实人物降低对比并局部柔化，不补画其后背景；角色展板用轻色块、框架与右店名清晰。","右侧animate字样、展板固定框架与右侧入口"
"3","龙翔桥","#16","P16","57","IMG_20260917_182807.jpg","区域3/16-原图57.png","超宽全景中性清晰化","完整全景提暗部、控高光，保留左右边缘、固定导视与通道边界；上下深蓝留边适配3:1画布。","右侧固定导视、吊顶与两侧通道关系"
"3","龙翔桥","#17","P17","52","AF001BD7D50FB43BF0B84A4C62D7A995.jpg","区域3/17-原图52.png","毛绒展示低纹理漫画","熊的毛绒纹理简化为米白色块，厨师帽、粉色框和右侧陈列用清晰线条，背景不移。","厨师帽形象、粉色展示框、右侧固定陈列"
"3","龙翔桥","#18","P18","64","IMG_20260917_184644.jpg","区域3/18-原图64.png","积木圆桶图解线描","圆桶阵列与积木色块保留，各桶增加细轮廓；黄色小人牌清楚，底部手指可用小块遮挡。","圆桶阵列、彩色积木、黄色小人牌"
"3","龙翔桥","#19","P19","51","9EFA0D86CC7B12CDE7D7E63DBEC75593.jpg","区域3/19-原图51.png","通道RGB故障","边缘轻红青色散，细扫描线，少量广告屏横向故障条；中央拱环与道路保持连续。","连续拱环、天花结构、通道方向"